TransactionId,CustomerId,DriverId,RestaurantId,TransactionDate,Distance
1,4,26,7,2020-08-18,1.0
2,16,5,4,2020-09-15,8.0
3,16,20,3,2020-03-05,3.9
4,6,4,18,2020-10-17,12.1
5,7,28,3,2020-10-16,5.6
6,16,27,11,2020-12-15,10.3
7,14,9,7,2020-01-31,12.1
8,4,30,11,2020-11-23,2.1
9,20,13,15,2020-06-25,5.7
10,3,27,6,2020-12-20,7.6
11,27,28,14,2020-06-16,1.2
12,3,6,14,2020-04-10,1.2
13,28,15,16,2020-12-08,3.9
14,6,25,18,2020-10-29,3.2
15,12,20,5,2020-10-15,7.6
16,14,25,13,2020-08-29,4.5
17,3,23,17,2020-10-29,10.2
18,7,15,1,2020-03-01,3.8
19,2,11,19,2020-08-01,10.5
20,7,18,14,2020-01-23,2.1
21,14,12,1,2020-04-05,3.0
22,12,11,6,2020-01-22,9.9
23,25,16,19,2020-05-05,2.7
24,3,5,14,2020-02-04,2.9
25,20,10,2,2020-03-04,2.4
26,1,27,7,2020-01-23,13.4
27,28,21,19,2020-05-15,14.6
28,22,6,7,2020-02-08,9.2
29,8,1,5,2020-07-18,6.7
30,4,21,14,2020-06-20,15.0
31,3,19,11,2020-09-16,5.7
32,2,16,6,2020-01-17,12.6
33,18,6,14,2020-07-19,2.3
34,12,26,9,2020-07-13,5.8
35,17,3,7,2020-12-21,2.2
36,15,13,2,2020-10-03,12.5
37,17,30,1,2020-06-03,1.4
38,9,12,19,2020-08-17,7.9
39,26,16,19,2020-06-28,13.2
40,20,26,10,2020-11-09,5.8
41,1,24,6,2020-05-28,10.5
42,26,30,10,2020-03-18,1.9
43,11,2,18,2020-12-22,13.1
44,4,16,7,2020-06-25,8.6
45,20,1,4,2020-06-12,14.7
46,1,25,17,2020-01-12,9.9
47,28,28,5,2020-05-23,1.7
48,4,30,2,2020-07-25,14.0
49,3,18,14,2020-01-14,9.5
50,16,6,2,2020-10-05,8.2
51,6,28,9,2020-09-29,5.0
52,26,2,10,2020-03-11,6.3
53,10,18,2,2020-02-25,10.8
54,22,16,1,2020-08-17,7.4
55,23,11,9,2020-10-03,3.4
56,13,12,3,2020-08-27,8.9
57,27,2,10,2020-09-07,10.4
58,14,10,17,2020-10-20,3.7
59,4,26,13,2020-07-04,1.2
60,11,7,8,2020-10-01,7.6
61,2,18,20,2020-10-21,3.6
62,18,17,16,2020-04-26,1.2
63,25,5,7,2020-01-02,7.2
64,29,7,12,2020-02-26,8.6
65,27,17,10,2020-12-13,1.9
66,27,6,11,2020-08-12,10.0
67,3,11,16,2020-11-18,7.0
68,12,2,11,2020-05-14,6.5
69,23,13,15,2020-02-28,13.4
70,10,17,5,2020-02-26,8.5
71,21,6,15,2020-11-27,14.8
72,4,27,12,2020-09-23,11.9
73,25,27,6,2020-01-06,7.2
74,5,4,12,2020-09-12,8.7
75,12,18,13,2020-12-03,1.1
76,15,30,8,2020-09-01,10.2
77,26,25,9,2020-10-25,5.5
78,18,21,10,2020-06-09,11.3
79,7,22,19,2020-03-14,7.9
80,3,23,16,2020-03-08,10.6
81,3,17,2,2020-04-03,10.3
82,7,5,4,2020-07-12,14.5
83,19,30,7,2020-01-16,10.1
84,5,19,9,2020-11-20,14.0
85,27,21,13,2020-11-26,7.0
86,25,26,13,2020-10-05,6.2
87,10,30,2,2020-05-12,10.9
88,27,1,9,2020-08-02,7.6
89,7,5,4,2020-02-22,3.2
90,26,27,8,2020-06-17,3.0
91,23,11,20,2020-06-22,3.6
92,29,2,12,2020-08-08,2.5
93,3,14,14,2020-01-31,4.8
94,18,6,18,2020-09-25,6.9
95,13,13,4,2020-05-16,11.5
96,29,24,8,2020-10-06,12.6
97,22,26,15,2020-04-15,10.8
98,9,23,3,2020-11-12,12.4
99,10,22,11,2020-01-10,3.4
100,22,10,14,2020-08-19,4.4
101,18,14,13,2020-02-08,14.3
102,19,19,20,2020-04-23,8.6
103,29,13,13,2020-01-30,6.2
104,15,3,1,2020-10-14,5.8
105,9,4,13,2020-12-13,6.8
106,5,13,20,2020-11-05,13.7
107,10,12,17,2020-03-29,12.9
108,22,27,13,2020-06-15,7.3
109,9,6,16,2020-12-25,13.6
110,21,19,18,2020-01-23,8.3
111,2,1,15,2020-10-29,11.1
112,7,22,19,2020-01-22,1.4
113,20,28,16,2020-01-06,1.4
114,23,10,11,2020-03-21,4.7
115,23,16,17,2020-04-17,7.5
116,15,17,17,2020-08-31,8.0
117,20,16,17,2020-09-18,7.8
118,7,30,18,2020-12-28,7.8
119,6,25,10,2020-10-09,13.4
120,26,24,14,2020-02-06,12.3
121,27,19,1,2020-02-01,3.7
122,17,26,14,2020-11-28,3.5
123,29,23,9,2020-10-10,2.2
124,13,15,4,2020-05-24,3.3
125,26,24,12,2020-06-09,9.7
126,8,21,20,2020-03-24,14.2
127,1,6,14,2020-05-05,14.3
128,15,1,9,2020-10-11,10.3
129,13,3,12,2020-08-28,7.9
130,16,11,10,2020-05-28,2.3
131,5,7,2,2020-01-28,7.6
132,22,6,11,2020-03-24,4.4
133,13,8,3,2020-06-20,13.9
134,16,7,13,2020-12-09,3.7
135,3,29,17,2020-06-21,15.0
136,19,5,9,2020-09-16,14.3
137,2,23,12,2020-07-12,12.7
138,23,24,7,2020-04-20,13.9
139,11,3,7,2020-03-26,12.4
140,14,20,4,2020-08-17,12.1
141,18,28,7,2020-09-24,2.9
142,10,15,3,2020-06-26,1.4
143,18,27,6,2020-06-28,13.6
144,20,29,3,2020-10-25,10.0
145,18,6,14,2020-12-06,5.7
146,17,27,10,2020-01-28,11.9
147,25,23,3,2020-11-10,4.1
148,10,26,4,2020-01-22,5.5
149,27,8,11,2020-02-02,7.7
150,18,28,19,2020-12-05,14.0
151,26,11,17,2020-11-18,8.2
152,29,10,3,2020-11-06,4.2
153,29,19,4,2020-12-12,8.9
154,20,21,20,2020-05-19,7.0
155,3,21,3,2020-09-18,3.6
156,21,23,19,2020-07-08,6.8
157,29,25,1,2020-11-11,11.7
158,1,11,11,2020-10-10,12.9
159,30,23,15,2020-07-01,12.2
160,1,1,10,2020-01-13,2.6
161,17,7,15,2020-02-01,5.9
162,19,12,9,2020-12-09,1.3
163,12,20,1,2020-08-29,6.3
164,9,29,11,2020-10-30,1.8
165,7,10,3,2020-02-21,13.7
166,5,15,17,2020-08-26,1.4
167,1,5,3,2020-02-10,5.2
168,27,20,16,2020-12-06,9.2
169,16,16,17,2020-11-18,12.6
170,17,1,4,2020-04-04,9.8
171,23,3,6,2020-01-14,11.0
172,1,11,11,2020-06-11,12.1
173,24,30,12,2020-04-30,1.7
174,12,5,13,2020-03-26,11.2
175,17,16,6,2020-06-13,2.9
176,3,10,16,2020-10-18,1.0
177,12,22,9,2020-11-16,9.2
178,22,8,12,2020-05-17,4.5
179,4,21,15,2020-09-22,13.3
180,20,10,3,2020-08-21,2.2
181,13,30,16,2020-11-27,8.0
182,18,29,15,2020-01-05,7.9
183,22,6,12,2020-11-01,13.8
184,3,4,3,2020-01-11,10.6
185,6,21,18,2020-05-28,5.7
186,17,9,13,2020-07-01,9.7
187,5,21,16,2020-04-15,4.9
188,6,9,9,2020-10-26,11.0
189,24,6,5,2020-03-22,8.6
190,20,2,17,2020-11-26,5.7
191,5,22,13,2020-05-07,6.1
192,6,24,10,2020-03-12,7.1
193,22,1,18,2020-11-29,10.7
194,22,12,10,2020-08-30,2.6
195,17,21,19,2020-10-10,1.3
196,20,24,19,2020-08-19,11.3
197,22,9,1,2020-11-01,13.7
198,19,26,8,2020-05-31,13.0
199,18,7,3,2020-07-07,8.6
200,10,4,18,2020-03-08,8.4
201,20,27,4,2020-11-21,8.4
202,4,12,6,2020-12-11,12.9
203,25,21,7,2020-02-27,8.0
204,1,2,16,2020-03-27,9.9
205,24,26,13,2020-03-26,12.7
206,19,25,1,2020-06-09,14.9
207,4,2,10,2020-12-26,11.2
208,30,12,11,2020-09-18,11.2
209,9,25,3,2020-07-03,11.9
210,24,23,1,2020-06-26,7.9
211,1,14,1,2020-12-06,4.3
212,23,3,1,2020-06-23,8.9
213,2,5,17,2020-09-11,1.1
214,16,14,15,2020-07-09,6.8
215,7,23,11,2020-04-22,1.2
216,27,10,12,2020-05-12,13.3
217,16,22,2,2020-01-21,6.6
218,22,13,5,2020-01-16,1.7
219,24,11,20,2020-07-30,9.0
220,16,1,12,2020-10-05,8.7
221,29,25,10,2020-12-11,14.5
222,4,26,10,2020-05-29,6.1
223,20,24,9,2020-06-12,3.0
224,20,21,3,2020-07-01,3.3
225,29,27,2,2020-10-08,5.6
226,17,18,11,2020-06-29,7.1
227,29,24,18,2020-12-03,1.2
228,23,13,2,2020-08-09,3.1
229,12,9,1,2020-10-04,9.7
230,7,18,4,2020-05-24,6.5
231,30,26,20,2020-03-09,5.5
232,13,2,20,2020-10-08,2.4
233,14,3,4,2020-06-20,13.4
234,21,29,19,2020-08-15,2.1
235,4,6,18,2020-09-04,14.0
236,12,27,14,2020-10-10,9.1
237,3,11,18,2020-08-26,5.1
238,19,29,6,2020-11-23,2.5
239,11,9,7,2020-05-20,14.6
240,23,2,19,2020-06-17,12.1
241,29,8,15,2020-06-21,3.3
242,21,23,15,2020-03-21,10.5
243,2,23,9,2020-09-28,11.9
244,23,4,6,2020-11-29,9.7
245,30,27,20,2020-07-19,11.5
246,22,29,2,2020-10-26,7.8
247,24,8,3,2020-03-27,4.3
248,13,10,9,2020-09-20,6.3
249,4,4,12,2020-10-15,9.0
250,14,18,11,2020-09-16,13.4
251,22,29,10,2020-08-11,4.9
252,13,15,7,2020-04-13,1.9
253,7,14,2,2020-04-25,6.8
254,25,1,2,2020-01-12,4.0
255,5,19,13,2020-06-18,1.4
256,21,5,4,2020-05-19,3.2
257,23,8,14,2020-01-28,13.4
258,12,15,15,2020-08-22,4.4
259,18,30,2,2020-02-12,1.0
260,8,20,1,2020-02-24,4.2
261,24,9,8,2020-09-30,12.5
262,17,16,2,2020-04-02,10.4
263,19,23,7,2020-12-26,3.4
264,22,17,2,2020-09-29,10.7
265,30,12,4,2020-06-25,2.4
266,9,26,18,2020-02-23,5.0
267,3,30,20,2020-09-11,9.6
268,18,27,2,2020-03-17,1.8
269,12,4,16,2020-08-12,4.3
270,10,12,14,2020-09-23,2.4
271,12,6,5,2020-01-20,14.7
272,10,5,1,2020-03-16,13.7
273,12,6,12,2020-09-27,13.5
274,11,6,13,2020-09-16,6.2
275,4,1,17,2020-07-23,11.7
276,7,22,14,2020-10-23,4.2
277,4,14,12,2020-01-06,7.6
278,11,30,17,2020-09-07,8.6
279,2,27,2,2020-04-27,11.3
280,1,24,11,2020-07-26,11.4
281,10,28,1,2020-04-08,1.4
282,4,29,7,2020-06-21,11.8
283,15,22,12,2020-10-27,5.5
284,7,21,17,2020-09-25,10.9
285,2,3,9,2020-10-16,14.0
286,18,11,9,2020-04-27,2.8
287,28,23,1,2020-04-12,11.6
288,17,26,16,2020-01-02,4.9
289,8,18,9,2020-05-12,2.9
290,16,15,12,2020-10-07,3.0
291,2,28,20,2020-12-14,9.4
292,9,1,2,2020-10-20,2.4
293,3,17,8,2020-12-21,1.3
294,1,21,17,2020-02-09,13.9
295,2,3,10,2020-06-08,1.9
296,9,23,12,2020-11-19,2.1
297,24,6,3,2020-09-28,7.1
298,10,18,14,2020-09-14,14.6
299,4,22,16,2020-08-05,13.2
300,22,29,2,2020-12-17,9.9
301,22,18,11,2020-02-09,1.8
302,16,20,3,2020-06-22,12.2
303,12,24,4,2020-04-27,3.6
304,22,24,6,2020-03-18,7.8
305,17,29,10,2020-01-09,1.3
306,5,27,2,2020-02-15,11.1
307,20,16,1,2020-01-23,8.0
308,7,19,15,2020-06-02,3.3
309,13,7,14,2020-05-03,10.0
310,2,13,3,2020-05-04,11.1
311,24,2,9,2020-04-12,7.4
312,13,6,20,2020-01-04,13.6
313,10,18,12,2020-09-07,1.2
314,13,19,17,2020-09-03,2.0
315,20,29,18,2020-09-28,5.2
316,30,6,17,2020-04-12,1.3
317,10,18,3,2020-02-21,12.8
318,25,12,9,2020-03-21,1.9
319,4,2,2,2020-07-22,11.2
320,6,3,1,2020-07-07,13.5
321,16,11,12,2020-06-29,10.1
322,27,22,13,2020-08-27,11.9
323,22,18,9,2020-06-18,14.9
324,21,16,13,2020-12-12,1.6
325,12,25,12,2020-02-04,12.2
326,25,10,5,2020-03-11,5.3
327,29,27,16,2020-09-08,10.3
328,9,17,12,2020-11-29,7.7
329,11,3,13,2020-05-29,11.1
330,25,11,2,2020-01-05,12.1
331,24,18,11,2020-08-16,9.0
332,16,30,18,2020-11-16,11.2
333,27,21,11,2020-07-01,12.4
334,28,23,20,2020-07-27,5.2
335,29,5,15,2020-05-19,8.5
336,11,8,6,2020-12-16,5.7
337,8,28,13,2020-04-20,3.2
338,26,8,17,2020-12-05,9.2
339,2,12,3,2020-11-20,14.7
340,2,2,6,2020-04-08,9.4
341,6,7,11,2020-08-31,9.3
342,27,4,2,2020-04-17,4.3
343,17,25,18,2020-06-29,10.8
344,26,15,4,2020-12-13,10.2
345,5,2,5,2020-03-14,10.4
346,7,20,1,2020-08-11,11.3
347,13,16,6,2020-08-25,7.9
348,17,13,6,2020-12-02,5.7
349,13,13,17,2020-07-01,12.7
350,19,12,14,2020-08-02,6.9
351,5,27,20,2020-08-19,10.8
352,13,28,5,2020-04-22,6.6
353,9,29,16,2020-05-20,8.4
354,20,29,10,2020-11-14,5.9
355,28,6,14,2020-01-05,1.0
356,4,24,14,2020-08-06,8.8
357,6,7,12,2020-06-05,3.3
358,22,1,6,2020-05-23,14.0
359,3,17,16,2020-09-20,10.9
360,4,29,9,2020-02-07,3.7
361,29,13,5,2020-05-22,11.5
362,1,28,9,2020-09-09,1.1
363,18,2,1,2020-11-01,14.9
364,6,20,19,2020-04-26,12.9
365,20,22,1,2020-07-27,3.8
366,7,3,17,2020-01-22,9.2
367,8,6,11,2020-06-16,5.1
368,11,18,7,2020-10-06,8.5
369,7,2,19,2020-10-19,2.8
370,15,3,8,2020-04-10,3.8
371,1,27,12,2020-12-25,8.2
372,14,2,13,2020-09-14,2.8
373,12,6,8,2020-12-03,3.4
374,24,20,20,2020-10-30,2.7
375,27,20,5,2020-01-04,11.3
376,12,30,5,2020-07-11,10.1
377,1,21,1,2020-10-02,9.0
378,10,3,6,2020-06-11,11.7
379,14,16,3,2020-05-04,6.7
380,26,11,16,2020-01-24,8.7
381,2,22,10,2020-06-28,7.2
382,18,28,6,2020-01-03,6.4
383,21,14,8,2020-11-18,5.8
384,9,24,5,2020-10-28,5.0
385,16,17,2,2020-08-01,10.0
386,9,28,2,2020-02-10,6.7
387,15,23,16,2020-12-30,4.4
388,30,4,19,2020-10-28,12.8
389,1,28,14,2020-02-13,13.6
390,2,23,11,2020-05-13,6.3
391,6,22,16,2020-05-20,6.8
392,4,3,18,2020-03-12,4.0
393,20,17,11,2020-02-17,9.3
394,7,15,18,2020-04-17,3.1
395,29,17,18,2020-04-11,7.3
396,25,25,6,2020-04-30,8.1
397,11,30,8,2020-05-16,1.4
398,28,19,18,2020-11-23,12.2
399,2,28,4,2020-01-09,14.1
400,14,22,15,2020-01-20,11.6
401,30,11,8,2020-09-16,6.6
402,17,17,18,2020-02-20,7.7
403,27,4,9,2020-07-04,12.9
404,1,19,11,2020-10-12,2.5
405,3,12,18,2020-08-28,4.7
406,25,6,1,2020-01-13,12.0
407,7,21,11,2020-03-28,10.6
408,5,5,13,2020-09-14,1.0
409,25,22,15,2020-10-11,8.4
410,16,15,16,2020-07-06,13.4
411,16,21,1,2020-02-01,8.9
412,5,18,12,2020-01-16,1.9
413,28,26,17,2020-01-28,3.4
414,28,4,17,2020-04-19,10.7
415,23,6,17,2020-11-14,2.9
416,17,16,19,2020-07-21,12.9
417,11,28,9,2020-05-29,13.8
418,11,27,17,2020-01-26,6.4
419,11,7,2,2020-12-06,4.7
420,12,6,8,2020-03-31,2.0
421,23,19,10,2020-01-24,1.4
422,1,11,11,2020-10-05,6.1
423,12,30,17,2020-09-05,10.5
424,22,28,13,2020-09-13,11.0
425,28,1,2,2020-12-01,1.8
426,21,16,4,2020-09-07,6.4
427,13,10,13,2020-11-02,10.1
428,20,9,1,2020-06-15,4.9
429,17,27,10,2020-05-07,5.0
430,1,4,5,2020-09-21,1.9
431,20,15,2,2020-01-18,12.1
432,2,11,8,2020-03-07,4.1
433,2,18,16,2020-03-19,11.4
434,26,29,9,2020-09-05,2.2
435,22,28,4,2020-03-23,5.7
436,25,2,3,2020-05-11,14.7
437,10,17,12,2020-06-21,10.2
438,5,30,2,2020-02-29,2.3
439,13,6,14,2020-08-21,2.4
440,27,27,20,2020-03-20,5.4
441,11,23,6,2020-04-27,1.6
442,29,29,8,2020-07-15,6.2
443,17,3,10,2020-02-08,3.6
444,18,11,16,2020-01-20,9.0
445,19,10,6,2020-10-16,6.7
446,19,15,10,2020-01-27,1.1
447,29,21,5,2020-12-25,7.0
448,26,29,19,2020-09-27,11.6
449,10,22,14,2020-10-24,3.6
450,28,4,8,2020-09-09,11.7
451,19,25,14,2020-04-10,3.8
452,14,15,19,2020-11-30,14.3
453,3,27,19,2020-09-04,4.4
454,13,26,17,2020-07-25,5.5
455,4,26,4,2020-12-04,14.1
456,6,27,15,2020-06-28,11.6
457,30,13,14,2020-02-16,5.1
458,28,28,16,2020-10-19,6.6
459,22,12,2,2020-07-29,9.5
460,7,28,6,2020-05-11,3.1
461,4,7,6,2020-04-03,11.6
462,29,19,10,2020-04-05,12.2
463,10,6,18,2020-07-10,1.7
464,2,28,2,2020-02-29,6.1
465,29,11,16,2020-03-19,1.2
466,18,8,9,2020-12-01,6.9
467,14,1,20,2020-08-29,13.6
468,27,17,13,2020-01-26,2.5
469,26,19,5,2020-07-10,14.8
470,19,12,3,2020-03-18,1.6
471,30,16,20,2020-05-04,4.2
472,12,26,4,2020-03-09,13.0
473,1,2,3,2020-06-01,14.0
474,13,30,3,2020-09-29,7.6
475,4,20,10,2020-03-28,2.2
476,25,20,12,2020-12-21,2.3
477,4,7,4,2020-02-17,11.6
478,26,20,13,2020-01-16,12.3
479,11,8,13,2020-09-08,8.7
480,12,11,14,2020-06-05,14.6
481,23,5,17,2020-06-23,12.4
482,9,3,14,2020-01-24,4.6
483,12,5,15,2020-03-03,13.2
484,1,19,19,2020-09-04,14.6
485,23,22,5,2020-03-12,6.0
486,17,6,19,2020-04-30,4.1
487,8,11,3,2020-08-12,9.4
488,2,3,19,2020-01-06,14.8
489,29,6,11,2020-04-06,2.4
490,4,13,5,2020-04-03,5.1
491,25,4,17,2020-05-08,2.6
492,3,1,19,2020-04-13,14.7
493,8,13,18,2020-08-13,7.2
494,1,30,2,2020-07-16,13.3
495,15,21,17,2020-08-20,13.6
496,20,27,17,2020-10-21,9.3
497,8,14,5,2020-11-02,2.2
498,13,27,6,2020-12-05,5.9
499,7,16,6,2020-11-04,8.3
500,19,8,7,2020-11-05,13.1
501,24,18,2,2020-07-19,4.6
502,23,20,14,2020-12-22,11.8
503,21,17,10,2020-10-08,3.6
504,29,29,11,2020-12-09,11.8
505,21,11,17,2020-02-27,6.2
506,29,2,7,2020-01-05,1.2
507,6,19,1,2020-03-24,14.3
508,10,25,15,2020-02-02,9.6
509,8,30,8,2020-09-08,2.7
510,12,3,17,2020-03-16,1.6
511,8,4,4,2020-04-12,10.3
512,14,9,8,2020-02-01,2.8
513,1,18,16,2020-03-01,7.1
514,8,2,5,2020-02-27,11.9
515,18,22,15,2020-11-11,3.5
516,14,14,9,2020-12-02,3.4
517,2,26,13,2020-01-30,2.9
518,23,16,12,2020-11-14,1.2
519,5,11,17,2020-01-22,11.3
520,21,29,18,2020-09-16,7.4
521,15,20,9,2020-02-14,8.9
522,15,18,19,2020-08-01,9.0
523,19,21,3,2020-10-29,12.2
524,24,15,15,2020-09-13,6.4
525,9,29,14,2020-07-02,3.4
526,1,4,1,2020-01-01,4.0
527,23,28,3,2020-04-22,1.9
528,3,29,18,2020-09-16,6.6
529,2,28,19,2020-01-29,1.5
530,22,8,3,2020-10-04,5.6
531,6,25,16,2020-04-06,10.8
532,27,21,1,2020-03-17,8.3
533,17,30,3,2020-11-03,14.0
534,11,8,12,2020-04-14,4.7
535,16,9,17,2020-01-21,2.2
536,18,20,17,2020-02-07,11.7
537,24,18,1,2020-08-18,3.5
538,22,22,19,2020-09-22,3.4
539,11,27,1,2020-04-24,4.8
540,30,5,10,2020-07-10,12.0
541,21,14,6,2020-08-03,2.6
542,11,19,7,2020-11-14,11.5
543,24,20,13,2020-04-01,13.1
544,4,3,3,2020-06-07,3.9
545,29,4,17,2020-06-11,4.7
546,28,5,13,2020-11-22,1.2
547,4,21,20,2020-04-19,7.2
548,30,9,6,2020-01-15,14.0
549,4,26,15,2020-10-03,9.5
550,14,24,8,2020-06-12,6.5
551,24,14,16,2020-06-06,10.0
552,14,23,19,2020-05-16,14.0
553,12,11,3,2020-11-13,12.3
554,21,28,12,2020-09-27,8.6
555,6,5,2,2020-12-01,6.9
556,4,8,18,2020-07-11,9.6
557,5,8,15,2020-09-25,3.7
558,20,7,20,2020-02-23,14.0
559,18,2,6,2020-10-03,9.6
560,24,3,5,2020-09-07,3.3
561,15,7,14,2020-01-14,3.9
562,9,23,5,2020-12-24,10.8
563,28,30,14,2020-06-20,4.5
564,24,10,18,2020-05-14,10.5
565,8,8,6,2020-04-10,10.1
566,10,13,7,2020-05-29,10.0
567,20,14,15,2020-10-14,14.8
568,16,15,20,2020-12-10,1.0
569,9,17,2,2020-04-30,5.4
570,25,24,4,2020-10-13,10.8
571,8,8,5,2020-12-24,9.0
572,8,30,19,2020-01-19,7.3
573,21,23,14,2020-12-02,1.4
574,9,21,13,2020-03-05,7.0
575,10,9,19,2020-03-12,11.8
576,21,24,9,2020-03-27,2.4
577,25,14,10,2020-04-14,11.0
578,12,30,10,2020-06-02,13.4
579,20,13,15,2020-04-04,1.3
580,4,25,3,2020-03-11,12.5
581,19,26,6,2020-02-08,5.8
582,28,1,14,2020-09-07,14.9
583,26,19,2,2020-12-02,14.6
584,1,26,17,2020-05-12,9.9
585,24,8,20,2020-09-10,6.0
586,10,12,10,2020-06-13,3.3
587,22,7,17,2020-11-14,4.5
588,30,20,8,2020-07-30,5.5
589,4,16,7,2020-01-07,14.3
590,27,26,10,2020-10-09,9.7
591,17,30,4,2020-11-27,1.5
592,6,20,1,2020-01-10,12.4
593,4,30,14,2020-01-31,11.2
594,26,27,8,2020-10-11,11.4
595,29,28,2,2020-05-29,6.0
596,21,26,10,2020-09-10,12.2
597,12,1,18,2020-01-23,13.5
598,26,2,11,2020-07-30,5.1
599,22,25,12,2020-08-23,4.1
600,1,2,16,2020-07-11,12.1
601,4,11,20,2020-09-21,1.7
602,7,11,6,2020-04-08,9.5
603,20,29,6,2020-08-17,12.6
604,22,26,8,2020-03-20,4.4
605,3,24,5,2020-11-22,11.2
606,1,11,11,2020-02-20,8.6
607,24,14,18,2020-09-05,13.3
608,17,17,10,2020-07-28,8.5
609,28,15,3,2020-10-26,8.5
610,28,22,10,2020-05-08,1.1
611,17,13,4,2020-03-09,4.3
612,8,14,2,2020-02-14,2.9
613,28,21,17,2020-07-16,10.7
614,26,15,1,2020-01-11,10.7
615,15,15,14,2020-04-01,9.6
616,27,3,3,2020-07-22,12.2
617,16,16,15,2020-04-28,4.6
618,29,18,17,2020-12-07,12.7
619,24,19,6,2020-11-11,11.0
620,15,11,8,2020-06-04,12.5
621,8,26,19,2020-12-22,12.4
622,29,25,9,2020-10-05,6.9
623,4,11,2,2020-02-05,5.5
624,1,12,13,2020-11-20,5.0
625,17,1,16,2020-03-20,4.0
626,15,11,19,2020-05-08,6.2
627,30,11,14,2020-12-20,4.8
628,7,10,12,2020-09-30,10.6
629,9,29,9,2020-07-09,5.7
630,7,9,13,2020-08-19,6.1
631,3,10,5,2020-12-13,12.0
632,12,7,8,2020-03-17,10.1
633,26,18,14,2020-04-16,8.4
634,16,20,18,2020-12-27,14.6
635,21,15,3,2020-03-25,1.6
636,26,12,12,2020-07-05,1.4
637,30,15,2,2020-06-26,9.6
638,8,2,6,2020-07-13,11.4
639,29,7,19,2020-10-27,8.7
640,7,17,3,2020-01-31,12.5
641,26,29,9,2020-07-23,10.2
642,29,24,10,2020-05-18,5.7
643,25,11,6,2020-08-13,11.9
644,1,8,4,2020-03-13,1.0
645,1,2,7,2020-10-27,8.5
646,10,17,16,2020-02-11,14.5
647,2,25,13,2020-11-25,11.7
648,29,26,6,2020-03-19,12.4
649,3,16,8,2020-01-10,12.7
650,24,5,10,2020-08-09,9.6
651,22,15,13,2020-09-09,6.9
652,9,27,12,2020-12-17,3.8
653,15,30,3,2020-06-19,2.7
654,2,21,2,2020-08-20,1.4
655,20,1,1,2020-03-05,4.2
656,28,13,10,2020-01-26,9.8
657,2,30,5,2020-12-02,5.2
658,23,20,18,2020-11-02,14.7
659,28,11,16,2020-03-14,13.0
660,19,24,8,2020-07-11,14.3
661,22,30,2,2020-11-12,8.5
662,28,7,12,2020-06-28,13.5
663,9,1,13,2020-02-23,12.1
664,29,10,15,2020-10-24,12.5
665,23,23,3,2020-12-11,10.1
666,15,21,18,2020-11-07,12.8
667,2,28,12,2020-06-01,1.7
668,12,3,9,2020-10-19,14.7
669,18,7,14,2020-09-07,11.7
670,4,25,15,2020-09-12,10.8
671,3,14,12,2020-01-23,12.1
672,22,2,9,2020-08-23,5.7
673,4,15,20,2020-06-17,4.4
674,24,17,15,2020-10-28,3.4
675,8,16,7,2020-08-01,2.6
676,4,14,8,2020-11-18,8.1
677,18,3,13,2020-10-14,10.1
678,14,26,11,2020-06-17,1.5
679,20,10,11,2020-06-17,7.6
680,20,11,16,2020-09-14,1.3
681,26,18,12,2020-09-25,7.0
682,8,7,13,2020-07-28,14.0
683,19,28,3,2020-12-19,3.1
684,10,1,8,2020-07-18,3.4
685,11,17,2,2020-09-01,11.3
686,18,22,3,2020-06-15,8.2
687,9,2,17,2020-02-10,2.2
688,27,30,4,2020-05-19,7.9
689,3,23,8,2020-06-10,4.9
690,7,14,18,2020-07-03,10.4
691,27,1,8,2020-10-11,1.0
692,11,12,8,2020-12-29,2.0
693,20,25,3,2020-02-02,11.0
694,28,14,17,2020-02-17,6.0
695,2,28,12,2020-02-08,3.3
696,29,23,10,2020-07-02,14.0
697,9,7,9,2020-01-09,8.3
698,6,22,7,2020-09-10,5.2
699,5,2,4,2020-04-18,4.5
700,13,2,12,2020-07-28,5.9
701,17,10,7,2020-05-11,5.9
702,24,2,15,2020-12-16,3.6
703,7,16,2,2020-05-21,10.2
704,11,6,5,2020-12-22,3.7
705,20,28,19,2020-05-27,12.2
706,16,11,7,2020-10-09,7.8
707,15,11,17,2020-03-28,9.9
708,1,6,20,2020-03-03,13.3
709,11,18,7,2020-03-23,8.3
710,14,12,7,2020-07-22,14.6
711,29,9,4,2020-08-19,1.3
712,1,27,10,2020-10-08,11.8
713,18,26,16,2020-04-05,11.2
714,17,24,12,2020-04-05,4.4
715,29,4,8,2020-10-08,13.2
716,5,13,19,2020-02-09,12.0
717,19,7,19,2020-12-07,10.6
718,14,1,10,2020-03-09,10.1
719,18,6,17,2020-01-28,8.1
720,25,21,20,2020-10-26,2.8
721,24,1,11,2020-09-21,4.8
722,25,15,14,2020-02-13,2.3
723,18,10,4,2020-12-12,13.2
724,22,26,6,2020-01-29,5.2
725,6,5,14,2020-03-07,7.6
726,8,18,4,2020-08-27,10.7
727,21,4,10,2020-01-15,13.4
728,11,5,14,2020-10-30,2.6
729,20,26,8,2020-01-17,14.2
730,28,20,13,2020-11-23,10.7
731,10,4,4,2020-05-14,6.5
732,11,25,15,2020-06-30,1.2
733,19,1,8,2020-03-09,6.9
734,11,5,14,2020-07-30,4.7
735,23,19,6,2020-06-05,14.3
736,22,13,9,2020-05-06,5.8
737,3,27,5,2020-03-06,1.3
738,26,21,13,2020-05-30,12.0
739,29,28,2,2020-07-15,4.7
740,17,23,2,2020-05-16,3.2
741,5,21,11,2020-12-29,10.1
742,15,30,9,2020-04-26,9.6
743,30,23,13,2020-11-23,4.8
744,25,8,16,2020-03-20,12.5
745,15,3,10,2020-08-19,12.6
746,10,1,11,2020-11-23,10.5
747,30,7,14,2020-07-26,8.7
748,8,30,3,2020-07-02,8.2
749,22,1,20,2020-06-07,6.4
750,7,5,4,2020-12-27,5.5
751,2,25,11,2020-01-12,1.8
752,2,27,11,2020-04-04,3.6
753,13,5,11,2020-03-13,13.7
754,3,19,5,2020-11-20,14.3
755,20,3,12,2020-03-03,5.8
756,4,26,16,2020-09-24,2.2
757,10,14,8,2020-06-28,8.0
758,9,30,4,2020-10-02,7.9
759,30,14,6,2020-08-18,6.3
760,8,18,10,2020-04-04,5.0
761,3,14,18,2020-06-01,1.7
762,11,20,14,2020-12-29,13.6
763,24,27,9,2020-08-12,7.2
764,12,13,15,2020-12-13,6.5
765,28,17,19,2020-01-20,7.4
766,29,28,2,2020-07-05,7.6
767,15,27,6,2020-11-01,9.1
768,8,4,15,2020-12-19,14.2
769,25,19,12,2020-08-09,10.6
770,10,24,16,2020-03-04,5.6
771,25,9,11,2020-03-13,1.3
772,14,13,6,2020-07-27,8.6
773,16,4,7,2020-06-23,7.9
774,5,20,12,2020-05-11,8.4
775,1,17,6,2020-10-09,13.5
776,6,20,2,2020-12-18,7.1
777,17,21,4,2020-02-29,6.3
778,4,26,8,2020-09-26,2.5
779,18,24,6,2020-12-23,1.4
780,14,8,18,2020-09-11,5.9
781,30,10,3,2020-03-01,13.0
782,8,6,9,2020-10-05,12.5
783,8,14,18,2020-06-24,1.8
784,3,8,8,2020-11-13,4.7
785,7,3,16,2020-02-22,2.7
786,19,3,19,2020-09-15,1.9
787,18,21,13,2020-05-22,7.4
788,2,8,18,2020-11-17,3.5
789,3,12,18,2020-02-22,11.1
790,26,17,12,2020-06-03,13.3
791,22,3,1,2020-02-07,8.4
792,28,27,19,2020-01-04,11.4
793,19,26,15,2020-07-25,5.3
794,9,4,16,2020-10-31,12.7
795,16,26,2,2020-11-20,2.1
796,17,5,13,2020-09-10,7.1
797,30,16,19,2020-06-09,1.1
798,17,1,19,2020-10-06,2.1
799,23,28,6,2020-04-26,14.7
800,30,25,13,2020-07-03,9.8
801,2,4,16,2020-09-23,11.0
802,7,6,15,2020-09-01,2.4
803,13,20,4,2020-11-18,2.3
804,7,25,18,2020-08-09,3.2
805,6,24,13,2020-01-11,2.5
806,6,3,14,2020-12-04,10.4
807,23,21,1,2020-04-14,8.8
808,13,6,3,2020-04-10,11.7
809,17,22,16,2020-04-25,5.7
810,9,2,4,2020-06-25,14.6
811,14,9,4,2020-06-22,12.8
812,13,18,7,2020-01-30,1.8
813,2,15,5,2020-03-23,14.3
814,2,9,8,2020-10-25,2.1
815,12,6,10,2020-09-18,14.9
816,13,23,10,2020-02-08,1.0
817,10,16,10,2020-11-14,6.2
818,29,14,4,2020-05-26,10.8
819,9,1,13,2020-06-06,4.5
820,21,19,3,2020-10-22,5.3
821,8,19,18,2020-04-17,9.0
822,19,18,10,2020-08-28,11.2
823,25,23,8,2020-06-10,5.7
824,25,6,11,2020-08-06,4.4
825,2,29,12,2020-10-02,7.1
826,1,11,2,2020-09-30,10.3
827,25,16,18,2020-01-12,8.6
828,23,28,8,2020-06-12,12.0
829,23,8,15,2020-08-02,7.7
830,23,10,3,2020-06-26,2.1
831,18,26,5,2020-03-26,3.5
832,23,28,4,2020-10-24,8.8
833,18,25,19,2020-10-24,11.4
834,28,29,17,2020-04-26,10.5
835,24,4,8,2020-09-24,2.2
836,18,26,10,2020-02-28,1.2
837,24,12,11,2020-05-02,4.6
838,29,11,3,2020-12-27,10.6
839,28,10,9,2020-03-11,11.9
840,16,2,3,2020-10-15,10.7
841,11,11,15,2020-01-04,12.6
842,21,8,1,2020-06-03,11.6
843,26,8,20,2020-01-19,13.9
844,21,7,9,2020-08-21,13.5
845,29,17,15,2020-10-30,9.1
846,15,13,9,2020-11-06,11.0
847,7,12,5,2020-06-03,6.8
848,18,25,1,2020-06-15,9.0
849,13,22,13,2020-08-17,7.5
850,29,30,6,2020-12-08,2.1
851,14,22,5,2020-09-29,1.4
852,16,17,3,2020-12-28,8.3
853,16,7,2,2020-12-27,3.9
854,15,10,1,2020-12-13,7.3
855,4,3,18,2020-08-21,5.6
856,20,16,20,2020-05-04,4.3
857,24,9,5,2020-01-13,2.9
858,28,4,2,2020-07-30,4.4
859,16,6,12,2020-08-24,8.6
860,4,19,7,2020-01-12,5.1
861,3,8,3,2020-04-26,12.6
862,28,29,19,2020-10-16,12.4
863,10,17,2,2020-07-15,4.0
864,1,3,3,2020-06-03,5.8
865,24,22,1,2020-12-23,14.0
866,4,9,7,2020-09-15,5.7
867,28,25,4,2020-12-02,1.9
868,30,6,15,2020-02-27,13.9
869,10,18,17,2020-04-03,12.9
870,28,27,9,2020-12-17,7.9
871,17,17,12,2020-06-22,9.5
872,28,28,13,2020-05-19,5.4
873,21,4,12,2020-08-19,2.4
874,18,14,5,2020-07-08,1.9
875,27,19,8,2020-01-11,5.3
876,20,5,5,2020-05-16,2.8
877,20,28,4,2020-05-27,13.8
878,17,26,17,2020-05-19,9.9
879,8,14,19,2020-03-22,15.0
880,13,15,6,2020-12-20,9.2
881,29,13,17,2020-10-06,10.8
882,24,11,11,2020-05-26,13.6
883,14,25,8,2020-11-03,13.8
884,24,6,17,2020-06-11,15.0
885,6,21,4,2020-01-31,9.2
886,30,13,19,2020-12-13,3.9
887,10,25,2,2020-11-11,5.4
888,24,15,3,2020-07-13,10.4
889,9,20,6,2020-08-14,11.8
890,14,2,20,2020-10-20,6.4
891,21,10,20,2020-06-14,1.9
892,1,3,16,2020-09-21,10.6
893,4,8,8,2020-10-17,9.9
894,7,23,18,2020-04-18,10.3
895,20,6,4,2020-10-11,1.8
896,7,27,15,2020-08-22,2.6
897,25,2,19,2020-01-02,4.8
898,26,16,6,2020-09-14,14.6
899,10,13,10,2020-03-15,8.5
900,14,6,14,2020-10-17,2.5
901,10,5,6,2020-06-13,11.7
902,10,24,3,2020-11-10,10.6
903,9,24,14,2020-05-03,5.5
904,15,6,12,2020-10-09,5.4
905,4,4,19,2020-03-12,7.1
906,14,14,11,2020-11-11,2.2
907,19,3,15,2020-02-22,2.8
908,29,15,18,2020-04-20,5.9
909,20,4,6,2020-11-24,1.2
910,27,17,10,2020-02-19,7.6
911,28,18,11,2020-12-08,3.3
912,19,9,4,2020-09-24,4.0
913,4,12,11,2020-08-23,3.1
914,30,20,17,2020-05-06,7.8
915,12,20,13,2020-06-10,1.7
916,30,22,13,2020-07-27,4.0
917,21,28,9,2020-07-07,14.0
918,30,8,11,2020-08-08,7.8
919,6,5,19,2020-07-22,13.4
920,29,9,16,2020-03-08,9.7
921,24,30,10,2020-12-25,10.9
922,27,15,3,2020-10-09,9.5
923,11,4,13,2020-04-22,8.6
924,23,12,2,2020-09-29,6.7
925,30,3,19,2020-12-27,9.2
926,7,16,1,2020-06-06,6.3
927,30,10,11,2020-10-30,3.7
928,29,6,18,2020-12-18,8.4
929,18,8,14,2020-01-27,7.5
930,10,3,8,2020-09-11,2.7
931,19,21,19,2020-09-15,6.8
932,12,26,3,2020-08-24,2.4
933,6,18,3,2020-10-24,6.2
934,2,21,5,2020-04-29,1.1
935,11,14,9,2020-11-24,10.8
936,22,20,20,2020-10-15,8.4
937,11,2,15,2020-01-06,15.0
938,17,19,17,2020-05-06,8.1
939,30,6,12,2020-02-26,1.2
940,2,22,10,2020-07-23,11.7
941,28,14,11,2020-07-12,3.1
942,17,18,19,2020-01-19,9.8
943,3,5,5,2020-09-09,2.2
944,3,5,18,2020-04-02,13.0
945,30,10,14,2020-06-17,9.2
946,27,28,8,2020-04-17,1.6
947,24,14,2,2020-08-30,5.2
948,11,19,16,2020-09-27,1.7
949,4,28,14,2020-03-25,6.6
950,20,29,10,2020-08-18,4.8
951,13,21,6,2020-07-12,8.2
952,17,18,11,2020-10-02,11.1
953,27,2,13,2020-10-31,13.3
954,1,10,17,2020-03-05,13.0
955,27,19,7,2020-03-01,4.8
956,27,27,18,2020-01-17,12.5
957,13,6,6,2020-08-11,10.1
958,20,2,19,2020-12-16,5.1
959,27,23,20,2020-11-05,14.0
960,10,22,20,2020-12-04,11.1
961,8,1,13,2020-05-13,1.0
962,21,30,15,2020-05-17,1.5
963,24,29,10,2020-07-23,3.6
964,3,1,4,2020-10-12,10.9
965,26,11,8,2020-07-30,11.2
966,8,9,19,2020-02-07,5.3
967,23,2,9,2020-11-24,6.4
968,17,8,11,2020-02-07,14.0
969,8,19,13,2020-05-14,2.8
970,9,3,14,2020-07-18,1.1
971,13,20,4,2020-06-23,7.3
972,25,16,11,2020-05-17,11.9
973,11,9,4,2020-11-13,11.8
974,12,29,1,2020-12-07,14.9
975,11,29,18,2020-10-14,1.1
976,27,20,20,2020-01-20,13.4
977,25,14,14,2020-04-18,1.9
978,8,7,2,2020-08-12,9.0
979,24,7,6,2020-09-25,2.2
980,8,8,19,2020-11-13,13.9
981,13,21,16,2020-11-18,9.5
982,5,6,8,2020-09-23,4.8
983,22,18,5,2020-09-16,4.6
984,22,2,4,2020-05-05,4.4
985,29,24,1,2020-01-16,7.4
986,12,13,11,2020-11-01,5.7
987,17,3,7,2020-09-07,5.9
988,12,23,6,2020-01-01,7.6
989,20,24,12,2020-11-09,6.2
990,9,27,6,2020-02-19,10.6
991,10,28,2,2020-11-27,6.6
992,27,15,20,2020-10-19,7.0
993,24,7,17,2020-08-18,6.3
994,7,24,10,2020-04-13,5.9
995,14,6,14,2020-04-11,3.9
996,25,13,18,2020-11-06,13.0
997,17,3,18,2020-01-27,7.6
998,6,18,20,2020-06-08,11.6
999,16,22,15,2020-10-25,3.8
1000,23,25,15,2020-03-01,11.3
